{
  "+tweakers": ["optifine.OptiFineTweaker"],
  "formatVersion": 1,
  "+libraries": [
    {
      "MMC-filename": "launchwrapper-of-2.2.jar",
      "MMC-hint": "local",
      "name": "optifine:launchwrapper-of:2.2"
    },
    {
      "MMC-filename": "OptiFine_1.12.2_HD_U_G5_pre1.jar",
      "MMC-hint": "local",
      "name": "optifine:OptiFine:1.12.2_HD_U_G5_pre1"
    }
  ],
  "mainClass": "net.minecraft.launchwrapper.Launch",
  "name": "OptiFine",
  "requires": [
    {
      "equals": "1.12.2",
      "uid": "net.minecraft"
    }
  ],
  "uid": "optifine.Optifine",
  "version": "HD Ultra G5"
}
